Auto-update on Fri May 23 05:52:44 UTC 2025
Auto-update on Sat May 24 03:16:07 UTC 2025
Auto-update on Sun May 25 03:37:29 UTC 2025
Auto-update on Mon May 26 03:35:36 UTC 2025
Auto-update on Tue May 27 03:31:00 UTC 2025
Auto-update on Wed May 28 03:32:35 UTC 2025
Auto-update on Thu May 29 03:33:40 UTC 2025
Auto-update on Fri May 30 03:31:49 UTC 2025
Auto-update on Sat May 31 03:29:48 UTC 2025
Auto-update on Sun Jun  1 03:52:29 UTC 2025
Auto-update on Mon Jun  2 03:41:42 UTC 2025
Auto-update on Tue Jun  3 03:35:54 UTC 2025
Auto-update on Wed Jun  4 03:36:23 UTC 2025
Auto-update on Thu Jun  5 03:37:04 UTC 2025
Auto-update on Fri Jun  6 03:36:15 UTC 2025
Auto-update on Sat Jun  7 03:32:38 UTC 2025
Auto-update on Sun Jun  8 03:42:04 UTC 2025
Auto-update on Mon Jun  9 03:42:07 UTC 2025
Auto-update on Tue Jun 10 03:37:59 UTC 2025
Auto-update on Wed Jun 11 03:37:32 UTC 2025
Auto-update on Thu Jun 12 03:36:59 UTC 2025
Auto-update on Fri Jun 13 03:37:44 UTC 2025
Auto-update on Sat Jun 14 03:32:04 UTC 2025
Auto-update on Sun Jun 15 03:42:20 UTC 2025
Auto-update on Mon Jun 16 03:42:51 UTC 2025
Auto-update on Tue Jun 17 03:38:04 UTC 2025
Auto-update on Wed Jun 18 03:37:13 UTC 2025
Auto-update on Thu Jun 19 03:37:45 UTC 2025
Auto-update on Fri Jun 20 03:36:44 UTC 2025
Auto-update on Sat Jun 21 03:33:23 UTC 2025
Auto-update on Sun Jun 22 03:43:45 UTC 2025
Auto-update on Mon Jun 23 03:45:59 UTC 2025
Auto-update on Tue Jun 24 02:00:00 UTC 2025
Auto-update on Wed Jun 25 02:00:07 UTC 2025
Auto-update on Thu Jun 26 01:58:59 UTC 2025
Auto-update on Fri Jun 27 01:59:58 UTC 2025
Auto-update on Sat Jun 28 01:55:44 UTC 2025
Auto-update on Sun Jun 29 02:10:09 UTC 2025
Auto-update on Mon Jun 30 02:05:04 UTC 2025
Auto-update on Tue Jul  1 02:11:04 UTC 2025
Auto-update on Wed Jul  2 01:59:31 UTC 2025
Auto-update on Thu Jul  3 01:59:58 UTC 2025
Auto-update on Fri Jul  4 01:59:22 UTC 2025
Auto-update on Sat Jul  5 01:55:19 UTC 2025
Auto-update on Sun Jul  6 02:08:37 UTC 2025
Auto-update on Mon Jul  7 02:05:38 UTC 2025
Auto-update on Tue Jul  8 02:00:37 UTC 2025
Auto-update on Wed Jul  9 02:01:53 UTC 2025
Auto-update on Thu Jul 10 02:01:59 UTC 2025
Auto-update on Fri Jul 11 02:04:39 UTC 2025
Auto-update on Sat Jul 12 02:05:15 UTC 2025
Auto-update on Sun Jul 13 02:19:29 UTC 2025
Auto-update on Mon Jul 14 02:09:02 UTC 2025
Auto-update on Tue Jul 15 02:08:34 UTC 2025
Auto-update on Wed Jul 16 02:05:48 UTC 2025
Auto-update on Thu Jul 17 02:05:56 UTC 2025
Auto-update on Fri Jul 18 02:07:36 UTC 2025
Auto-update on Sat Jul 19 02:01:45 UTC 2025
Auto-update on Sun Jul 20 02:21:41 UTC 2025
Auto-update on Mon Jul 21 02:18:34 UTC 2025
Auto-update on Tue Jul 22 02:06:41 UTC 2025
Auto-update on Wed Jul 23 02:07:56 UTC 2025
Auto-update on Thu Jul 24 02:06:51 UTC 2025
Auto-update on Fri Jul 25 02:06:37 UTC 2025
Auto-update on Sat Jul 26 02:02:54 UTC 2025
Auto-update on Sun Jul 27 02:22:35 UTC 2025
Auto-update on Mon Jul 28 02:19:39 UTC 2025
Auto-update on Tue Jul 29 02:24:44 UTC 2025
Auto-update on Wed Jul 30 02:09:49 UTC 2025
Auto-update on Thu Jul 31 02:09:05 UTC 2025
Auto-update on Fri Aug  1 02:26:18 UTC 2025
Auto-update on Sat Aug  2 02:03:52 UTC 2025
Auto-update on Sun Aug  3 02:24:44 UTC 2025
Auto-update on Mon Aug  4 02:24:19 UTC 2025
Auto-update on Tue Aug  5 02:18:25 UTC 2025
Auto-update on Wed Aug  6 02:10:21 UTC 2025
Auto-update on Thu Aug  7 02:10:47 UTC 2025
Auto-update on Fri Aug  8 02:10:32 UTC 2025
Auto-update on Sat Aug  9 01:59:12 UTC 2025
Auto-update on Sun Aug 10 02:20:30 UTC 2025
Auto-update on Mon Aug 11 02:10:24 UTC 2025
Auto-update on Tue Aug 12 01:58:16 UTC 2025
Auto-update on Wed Aug 13 02:00:28 UTC 2025
Auto-update on Thu Aug 14 02:00:44 UTC 2025
Auto-update on Fri Aug 15 02:01:28 UTC 2025
Auto-update on Sat Aug 16 01:55:40 UTC 2025
Auto-update on Sun Aug 17 02:07:16 UTC 2025
Auto-update on Mon Aug 18 02:07:49 UTC 2025
Auto-update on Tue Aug 19 01:54:56 UTC 2025
Auto-update on Wed Aug 20 01:53:02 UTC 2025
Auto-update on Thu Aug 21 01:51:43 UTC 2025
Auto-update on Fri Aug 22 01:52:32 UTC 2025
Auto-update on Sat Aug 23 01:48:17 UTC 2025
Auto-update on Sun Aug 24 02:03:01 UTC 2025
Auto-update on Mon Aug 25 01:56:56 UTC 2025
Auto-update on Tue Aug 26 01:53:24 UTC 2025
Auto-update on Wed Aug 27 01:49:51 UTC 2025
Auto-update on Thu Aug 28 01:48:58 UTC 2025
Auto-update on Fri Aug 29 01:48:51 UTC 2025
Auto-update on Sat Aug 30 01:43:28 UTC 2025
Auto-update on Sun Aug 31 01:54:14 UTC 2025
Auto-update on Mon Sep  1 02:04:25 UTC 2025
Auto-update on Tue Sep  2 01:50:46 UTC 2025
Auto-update on Wed Sep  3 01:43:13 UTC 2025
Auto-update on Thu Sep  4 01:43:48 UTC 2025
Auto-update on Fri Sep  5 01:46:24 UTC 2025
Auto-update on Sat Sep  6 01:42:57 UTC 2025
Auto-update on Sun Sep  7 01:52:08 UTC 2025
Auto-update on Mon Sep  8 01:51:53 UTC 2025
Auto-update on Tue Sep  9 01:48:10 UTC 2025
Auto-update on Wed Sep 10 01:44:19 UTC 2025
Auto-update on Thu Sep 11 01:47:09 UTC 2025
Auto-update on Fri Sep 12 01:43:07 UTC 2025
Auto-update on Sat Sep 13 01:38:35 UTC 2025
Auto-update on Sun Sep 14 01:51:20 UTC 2025
Auto-update on Mon Sep 15 01:52:55 UTC 2025
Auto-update on Tue Sep 16 01:44:15 UTC 2025
Auto-update on Wed Sep 17 01:44:19 UTC 2025
Auto-update on Thu Sep 18 01:44:05 UTC 2025
Auto-update on Fri Sep 19 01:47:11 UTC 2025
Auto-update on Sat Sep 20 01:42:21 UTC 2025
Auto-update on Sun Sep 21 01:54:39 UTC 2025
Auto-update on Mon Sep 22 01:54:40 UTC 2025
Auto-update on Tue Sep 23 01:44:52 UTC 2025
Auto-update on Wed Sep 24 01:46:17 UTC 2025
Auto-update on Thu Sep 25 01:47:00 UTC 2025
Auto-update on Fri Sep 26 01:46:20 UTC 2025
Auto-update on Sat Sep 27 01:42:05 UTC 2025
Auto-update on Sun Sep 28 01:55:25 UTC 2025
Auto-update on Mon Sep 29 01:49:24 UTC 2025
Auto-update on Tue Sep 30 01:44:19 UTC 2025
Auto-update on Wed Oct  1 01:56:44 UTC 2025
Auto-update on Thu Oct  2 01:44:25 UTC 2025
Auto-update on Fri Oct  3 01:44:31 UTC 2025
Auto-update on Sat Oct  4 01:40:38 UTC 2025
Auto-update on Sun Oct  5 01:54:49 UTC 2025
Auto-update on Mon Oct  6 01:47:44 UTC 2025
Auto-update on Tue Oct  7 01:45:14 UTC 2025
Auto-update on Wed Oct  8 01:45:27 UTC 2025
Auto-update on Thu Oct  9 01:46:21 UTC 2025
Auto-update on Fri Oct 10 01:46:56 UTC 2025
Auto-update on Sat Oct 11 01:42:16 UTC 2025
Auto-update on Sun Oct 12 01:50:22 UTC 2025
Auto-update on Mon Oct 13 01:54:04 UTC 2025
Auto-update on Tue Oct 14 01:46:55 UTC 2025
Auto-update on Wed Oct 15 01:49:46 UTC 2025
Auto-update on Thu Oct 16 01:48:45 UTC 2025
Auto-update on Fri Oct 17 01:47:47 UTC 2025
Auto-update on Sat Oct 18 01:42:54 UTC 2025
Auto-update on Sun Oct 19 02:00:01 UTC 2025
Auto-update on Mon Oct 20 01:57:05 UTC 2025
Auto-update on Tue Oct 21 01:50:42 UTC 2025
Auto-update on Wed Oct 22 01:54:07 UTC 2025
Auto-update on Thu Oct 23 01:49:30 UTC 2025
Auto-update on Fri Oct 24 01:45:34 UTC 2025
Auto-update on Sat Oct 25 01:47:13 UTC 2025
Auto-update on Sun Oct 26 01:56:06 UTC 2025
Auto-update on Mon Oct 27 02:00:22 UTC 2025
Auto-update on Tue Oct 28 01:49:43 UTC 2025
Auto-update on Wed Oct 29 01:56:58 UTC 2025
Auto-update on Thu Oct 30 01:56:08 UTC 2025
Auto-update on Fri Oct 31 01:52:49 UTC 2025
Auto-update on Sat Nov  1 01:56:25 UTC 2025
Auto-update on Sun Nov  2 01:58:45 UTC 2025
Auto-update on Mon Nov  3 01:58:06 UTC 2025
Auto-update on Tue Nov  4 01:53:34 UTC 2025
Auto-update on Wed Nov  5 01:54:55 UTC 2025
Auto-update on Thu Nov  6 01:55:00 UTC 2025
Auto-update on Fri Nov  7 01:53:39 UTC 2025
Auto-update on Sat Nov  8 01:47:33 UTC 2025
Auto-update on Sun Nov  9 01:57:45 UTC 2025
Auto-update on Mon Nov 10 01:59:04 UTC 2025
Auto-update on Tue Nov 11 01:55:40 UTC 2025
Auto-update on Wed Nov 12 01:54:51 UTC 2025
Auto-update on Thu Nov 13 01:56:16 UTC 2025
Auto-update on Fri Nov 14 01:55:29 UTC 2025
Auto-update on Sat Nov 15 01:51:15 UTC 2025
Auto-update on Sun Nov 16 02:00:47 UTC 2025
Auto-update on Mon Nov 17 01:56:18 UTC 2025
Auto-update on Tue Nov 18 01:54:50 UTC 2025
Auto-update on Wed Nov 19 01:54:19 UTC 2025
Auto-update on Thu Nov 20 01:53:03 UTC 2025
Auto-update on Fri Nov 21 01:53:54 UTC 2025
Auto-update on Sat Nov 22 01:49:48 UTC 2025
Auto-update on Sun Nov 23 02:08:39 UTC 2025
Auto-update on Mon Nov 24 02:02:45 UTC 2025
Auto-update on Tue Nov 25 01:55:48 UTC 2025
Auto-update on Wed Nov 26 01:56:09 UTC 2025
Auto-update on Thu Nov 27 01:53:56 UTC 2025
Auto-update on Fri Nov 28 01:53:37 UTC 2025
Auto-update on Sat Nov 29 01:53:04 UTC 2025
Auto-update on Sun Nov 30 02:07:17 UTC 2025
Auto-update on Mon Dec  1 02:21:11 UTC 2025
Auto-update on Tue Dec  2 01:58:04 UTC 2025
Auto-update on Wed Dec  3 01:57:38 UTC 2025
Auto-update on Thu Dec  4 01:58:47 UTC 2025
Auto-update on Fri Dec  5 01:58:52 UTC 2025
Auto-update on Sat Dec  6 01:52:41 UTC 2025
Auto-update on Sun Dec  7 02:07:55 UTC 2025
Auto-update on Mon Dec  8 01:59:47 UTC 2025
Auto-update on Tue Dec  9 01:58:49 UTC 2025
Auto-update on Wed Dec 10 02:00:41 UTC 2025
Auto-update on Thu Dec 11 02:02:27 UTC 2025
Auto-update on Fri Dec 12 02:01:47 UTC 2025
Auto-update on Sat Dec 13 01:55:18 UTC 2025
Auto-update on Sun Dec 14 02:08:31 UTC 2025
Auto-update on Mon Dec 15 02:05:53 UTC 2025
Auto-update on Tue Dec 16 02:02:29 UTC 2025
Auto-update on Wed Dec 17 01:57:36 UTC 2025
Auto-update on Thu Dec 18 01:58:41 UTC 2025
Auto-update on Fri Dec 19 02:01:30 UTC 2025
Auto-update on Sat Dec 20 01:55:03 UTC 2025
Auto-update on Sun Dec 21 02:08:26 UTC 2025
Auto-update on Mon Dec 22 02:07:32 UTC 2025
Auto-update on Tue Dec 23 02:02:47 UTC 2025
Auto-update on Wed Dec 24 02:01:06 UTC 2025
Auto-update on Thu Dec 25 02:03:12 UTC 2025
Auto-update on Fri Dec 26 02:02:15 UTC 2025
Auto-update on Sat Dec 27 01:59:55 UTC 2025
Auto-update on Sun Dec 28 02:20:22 UTC 2025
Auto-update on Mon Dec 29 02:11:52 UTC 2025
Auto-update on Tue Dec 30 02:03:38 UTC 2025
Auto-update on Wed Dec 31 02:04:14 UTC 2025
Auto-update on Thu Jan  1 02:20:57 UTC 2026
Auto-update on Fri Jan  2 02:05:42 UTC 2026
Auto-update on Sat Jan  3 01:58:58 UTC 2026
Auto-update on Sun Jan  4 02:21:59 UTC 2026
Auto-update on Mon Jan  5 02:21:48 UTC 2026
Auto-update on Tue Jan  6 02:05:18 UTC 2026
Auto-update on Wed Jan  7 02:05:02 UTC 2026
Auto-update on Thu Jan  8 02:05:19 UTC 2026
Auto-update on Fri Jan  9 02:06:26 UTC 2026
Auto-update on Sat Jan 10 02:02:25 UTC 2026
Auto-update on Sun Jan 11 02:21:43 UTC 2026
Auto-update on Mon Jan 12 02:11:26 UTC 2026
Auto-update on Tue Jan 13 02:03:14 UTC 2026
Auto-update on Wed Jan 14 02:10:10 UTC 2026
Auto-update on Thu Jan 15 02:05:06 UTC 2026
Auto-update on Fri Jan 16 02:07:01 UTC 2026
Auto-update on Sat Jan 17 02:00:49 UTC 2026
Auto-update on Sun Jan 18 02:20:36 UTC 2026
Auto-update on Mon Jan 19 02:12:01 UTC 2026
